site,K
Site1,1.771565989
Site1,1.79499992
Site1,1.472303207
Site1,1.236656183
Site1,1.065289484
Site1,1.621585308
Site1,1.071840815
Site1,2.03606311
Site1,1.120225253
Site1,2.01167961
Site1,1.319754807
Site1,1.15901636
Site1,1.841045451
Site1,1.912818448
Site1,1.024418735
Site1,1.564181343
Site1,1.016569796
Site1,1.010776299
Site1,1.783743839
Site1,1.889920245
Site1,1.871235438
Site1,1.795461074
Site1,1.002395571
Site1,1.799835659
Site1,1.505712172
Site1,1.857907253
Site1,1.760578335
Site1,1.028573706
Site1,1.081559586
Site1,1.704371539
Site1,1.738708336
Site1,1.914688867
Site1,1.814658844
Site1,1.205505726
Site1,1.011999671
Site1,1.061959695
Site1,1.004103229
Site1,1.150582899
Site1,1.081141998
Site1,1.115886522
Site1,1.848612461
Site1,1.727378956
Site1,1.716000747
Site1,1.065233629
Site1,1.818181818
Site1,1.91974895
Site1,1.889320734
Site1,1.787434909
Site1,1.875
Site1,1.640758733
Site1,1.135298325
Site1,1.658487309
Site1,1.950607233
Site1,1.860624258
Site1,1.110802029
Site1,1.051089406
Site1,1.903494651
Site1,1.774313284
Site1,2.055933485
Site1,1.900453262
Site1,1.960516519
Site1,1.853240352
Site1,1.612069023
Site1,1.005258518
Site1,1.871982052
Site1,1.967277883
Site1,1.833208114
Site1,1.975440862
Site1,1.133734035
Site1,1.800248063
Site1,1.873921262
Site1,1.835649436
Site1,1.97219898
Site1,1.805420581
Site1,1.966904816
Site1,1.004665403
Site1,1.894067892
Site1,1.880787037
Site1,1.063685913
Site1,1.844121281
Site1,1.978876903
Site1,1.75260193
Site1,1.864864249
Site1,1.675432006
Site1,1.763200494
Site1,1.794862287
Site1,1.118707739
Site1,1.98
Site1,1.680203118
Site1,1.873678743
Site1,1.024272215
Site1,1.839434735
Site1,1.930879038
Site1,1.201352367
Site1,1.800804027
Site1,1.668097476
Site1,1.82784
Site1,1.756768168
Site1,1.675432006
Site1,1.087778794
Site1,1.63055678
Site1,1.986554039
Site1,1.776795057
Site1,1.968465391
Site1,1.724449872
Site1,1.700928221
Site1,1.59178086
Site1,1.62037037
Site1,1.682924351
Site1,1.923093269
Site1,1.729973642
Site1,1.613863473
Site1,1.637868694
Site1,1.674941131
Site1,1.91488
Site1,1.690200649
Site1,1.773276177
Site1,1.695601852
Site1,1.938657407
Site1,1.876265914
Site1,1.148760331
Site1,1.492404613
Site1,1.050104555
Site1,1.892842014
Site1,1.909159867
Site1,1.87916185
Site1,1.537630925
Site1,1.624585318
Site1,1.670842373
Site1,1.042809311
Site1,1.073210236
Site1,1.907571064
Site1,1.930948901
Site1,1.940469712
Site1,1.937168251
Site1,1.730324074
Site1,1.680203118
Site1,1.857737568
Site1,1.973571916
Site1,1.793841486
Site1,1.77321238
Site1,1.837796683
Site1,1.002914969
Site1,1.727650463
Site1,1.582413518
Site1,1.620465216
Site1,1.68468328
Site1,1.795642374
Site1,1.915721419
Site1,1.967277883
Site1,1.630353118
Site1,1.775374819
Site1,1.016255756
Site1,1.788129226
Site1,1.85588221
Site1,1.073210236
Site1,1.68
Site1,1.738579705
Site1,1.793981481
Site1,1.874527589
Site1,1.742588872
Site1,1.037291402
Site1,1.993558932
Site1,1.848586152
Site1,1.028549962
Site1,1.842602281
Site1,1.571787837
Site1,1.848600679
Site1,1.644750813
Site1,1.770867077
Site1,1.854195775
Site1,1.960592099
Site1,1.869322138
Site1,1.648338269
Site1,1.91
Site1,1.894067892
Site1,1.793686224
Site1,1.209963536
Site1,1.073859629
Site1,1.192744502
Site1,1.119532084
Site1,1.855098274
Site1,1.567532465
Site1,1.239761611
Site1,1.280092593
Site1,1.762143503
Site1,1.798730798
Site1,1.741123895
Site1,1.898871528
Site1,1.795642374
Site1,1.715390397
Site1,2.231610257
Site1,2.305772569
Site1,1.444913903
Site1,1.74
Site1,1.469336178
Site1,1.76
Site1,1.640083644
Site1,1.910137032
Site1,1.611026844
Site1,1.753590325
Site1,1.498035951
Site1,1.88353356
Site1,1.83658293
Site1,1.681573626
Site1,1.84322684
Site1,1.791943497
Site1,1.923061314
Site1,1.635598383
Site1,1.902452208
Site1,1.384518764
Site1,1.163189374
Site1,1.857250837
Site1,1.903940816
Site1,1.788345273
Site1,1.058025808
Site1,1.863325657
Site1,1.085397658
Site1,1.009121606
Site1,1.159908852
Site1,1.71875
Site1,1.800811522
Site1,1.054685105
Site1,1.921967037
Site1,1.560926391
Site1,1.634805354
Site1,1.975658755
Site1,1.903491116
Site1,1.825892618
Site1,1.905935772
Site1,1.75748383
Site1,1.039966341
Site1,1.614973353
Site1,1.564633591
Site1,1.762228701
Site1,1.031311211
Site1,1.704903399
Site1,1.753416911
Site1,1.586183063
Site1,1.866156825
Site1,1.729775719
Site1,1.864864249
Site1,1.752719542
Site1,1.733873096
Site1,1.520354173
Site1,1.71
Site1,1.196339982
Site1,1.978771492
Site1,1.086080988
Site1,1.071902149
Site1,1.868684022
Site1,1.914688867
Site1,1.857250837
Site1,1.829767865
Site1,1.035691509
Site1,1.986038788
Site1,1.805420581
Site1,1.711314903
Site1,1.935357994
Site1,1.694019136
Site1,1.153975218
Site1,1.529896441
Site1,1.697576235
Site1,1.96682723
Site1,1.143502918
Site1,1.203899516
Site1,1.365437548
Site1,1.907921884
Site1,1.342509548
Site1,1.133390053
Site1,1.890492867
Site1,1.840042968
Site1,1.77818422
Site1,1.889644747
Site1,1.037037037
Site1,1.674148938
Site2,1.947853188
Site2,2.074538083
Site2,1.94640387
Site2,1.854380553
Site2,1.854380553
Site2,1.776795057
Site2,1.637402117
Site2,1.898148148
Site2,1.714677641
Site2,1.865569273
Site2,1.526562182
Site2,1.550995062
Site2,1.594796952
Site2,1.646454315
Site2,1.792
Site2,1.88416
Site2,1.81156122
Site2,2.507829386
Site2,1.917598071
Site2,2.121768651
Site2,1.920232135
Site2,1.998851941
Site2,1.926355432
Site2,0.269568968
Site2,1.60982682
Site2,1.602172852
Site2,1.762277198
Site2,2.330889918
Site2,2.055990064
Site2,1.71142467
Site2,1.894431693
Site2,1.929012346
Site2,1.796146171
Site2,2.052202465
Site2,2.044999732
Site2,1.822423094
Site2,1.913544248
Site2,1.803155522
Site2,1.396448366
Site2,1.917278569
Site2,1.783735623
Site2,1.851851852
Site2,2.5
Site2,1.795433614
Site2,1.714677641
Site2,1.746527492
Site2,1.801547383
Site2,1.944444444
Site2,1.651330175
Site2,1.954967743
Site2,2.260212049
Site2,1.884361261
Site2,1.845523182
Site2,1.249794193
Site2,1.684231469
Site2,2.209688001
Site2,1.678359236
Site2,1.507715735
Site2,1.883058999
Site2,1.614893735
Site2,1.586640487
Site2,1.681044611
Site2,1.517220452
Site2,1.529974755
Site2,1.678359236
Site2,1.619695497
Site2,2.014031083
Site2,2.222222222
Site2,2.8125
Site2,0.911078717
Site2,1.69997195
Site2,1.92336589
Site2,1.751208816
Site2,1.653266164
Site2,1.698928009
Site2,1.741123895
Site2,2.239194944
Site2,1.854380553
Site2,1.653775697
Site2,1.945495605
Site2,1.875505893
Site2,1.780989212
Site2,1.858372259
Site2,1.884644669
Site2,1.480849241
Site2,1.690670144
Site2,1.795433614
Site2,1.69997195
Site2,1.83003766
Site2,1.586713298
Site2,1.668577066
Site2,1.61128812
Site2,2.00938786
Site2,1.632653061
Site2,1.930113121
Site2,1.594441274
Site2,1.656484481
Site2,1.910174154
Site2,1.870488427
Site2,1.658083843
Site2,1.760204082
Site2,1.9921875
Site2,1.690799167
Site2,1.776862516
Site2,1.938488244
Site2,1.507715735
Site2,1.397500989
Site2,1.835240912
Site2,1.7152
Site2,1.886260519
Site2,1.895179926
Site2,1.784251252
Site2,1.826150475
Site2,1.690962099
Site2,1.682945154
Site2,1.569508499
Site2,2.133582851
Site2,1.714677641
Site2,1.799661664
Site2,1.668577066
Site2,1.727290226
Site2,1.54105367
Site2,2.03125
Site2,1.682945154
Site2,1.466234778
Site2,1.98263628
Site2,1.759260603
Site2,1.622783886
Site2,1.769065857
Site2,1.617155086
Site2,1.679684219
Site2,1.84350391
Site2,2.142380672
Site2,1.826433979
Site2,1.895179926
Site2,2.098083496
Site2,1.983471074
Site2,2.044999732
Site2,1.613935498
Site2,1.547934677
Site2,1.883417555
Site2,1.635599455
Site2,1.776729687
Site2,1.696186351
Site2,1.658806066
Site2,1.686761972
Site2,1.876822157
Site2,1.776527787
Site2,1.918897864
Site2,1.704671714
Site2,1.850828184
Site2,2.028175008
Site2,1.653775697
Site2,1.898928323
Site2,1.71142467
Site2,1.675011379
Site2,1.784970548
Site2,1.795993413
Site2,1.552482293
Site2,1.749185834
Site2,1.695687302
Site2,1.56605562
Site2,1.664932362
Site2,1.645172319
Site2,1.625672543
Site2,1.966317706
Site2,1.5625
Site2,1.762277198
Site2,1.971809485
Site2,1.841690799
Site2,2.050104555
Site2,1.959631589
Site2,2.083333333
Site2,1.879646626
Site2,1.900183602
Site2,1.839654145
Site2,1.898871528
Site2,1.971809485
Site2,1.71142467
Site2,1.850237853
Site2,1.856874545
Site2,1.863260706
Site2,2.202827549
Site2,1.983471074
Site2,1.905197378
Site2,2.20471097
Site2,2.014031083
Site2,1.983471074
Site2,1.983471074
Site2,1.999624071
Site2,1.818207695
Site2,1.798991306
Site2,1.692771912
Site2,1.728936073
Site2,1.839654145
Site2,2.094672549
Site2,1.857077833
Site2,1.839460676
Site2,1.629008746
Site2,1.702308655
Site2,1.70852165
Site2,1.979347946
Site2,1.720318217
Site2,1.879099854
Site2,1.728936073
Site2,1.938488244
Site2,1.765215015
Site2,1.755829904
Site2,1.617413807
Site2,1.919639108
Site2,1.749185834
Site2,1.936042274
Site2,1.71661377
Site2,1.704334318
Site2,1.674148938
Site2,1.643790581
Site2,2.223825988
Site2,2.050104555
Site2,2.070657896
Site2,1.704166444
Site2,1.803155522
Site2,1.669588446
Site2,1.613350015
Site2,1.755829904
Site2,1.991351843
Site2,2.035416243
Site2,2.085048011
Site2,2.054738226
Site2,1.849112426
Site2,2.103681443
Site2,1.959631589
Site2,1.691336258
Site2,1.850237853
Site2,1.865569273
Site2,1.920232135
Site2,1.84619516
Site2,1.907348633
Site2,1.720926466
Site2,1.947599328
Site2,1.997915688
Site2,1.773937724
Site2,1.720116618
Site2,1.661093964
Site2,1.646090535
Site2,1.877664395
Site2,1.875453059
Site2,1.606785504
Site2,2.08
Site2,1.851851852
Site2,1.780989212
Site2,2.086985558
Site2,1.621972318
Site2,1.717382455
Site2,1.655475974
Site2,1.944444444
Site2,1.930113121
Site2,1.714677641
Site2,2.085048011
Site2,1.966317706
Site2,1.999624071
Site2,1.982544794
Site2,1.669588446
Site2,1.813670724
Site2,1.603055246
Site2,1.740897201
Site2,1.741297707
Site2,1.675011379
Site2,1.706666667
Site2,1.676394411
Site2,1.784251252
Site2,1.784251252
Site2,1.764566292
Site2,1.599699257
Site2,1.627604167
Site2,1.69178611
Site2,1.702761929
Site2,1.76226204
Site2,1.695687302
Site2,1.84619516
Site2,1.662507289
Site2,1.959631589
Site2,1.846734183
Site2,1.928710938
Site2,1.781169062
Site2,1.930113121
Site2,1.79935308
Site2,1.938670578
Site2,1.851139875
Site2,1.899995622
Site2,1.614021474
Site2,1.84350391
Site2,1.630092387
Site2,1.704671714
Site2,1.848636831
Site2,1.749271137
Site2,2.069970845
Site2,1.908202727
Site2,1.924198251
Site2,1.452875156
Site2,2.067553107
Site2,1.799407224
Site2,1.84459597
Site2,1.533295512
Site2,1.773127613
Site2,1.717382455
Site2,1.84459597
Site2,2.028175008
Site2,1.59257469
Site2,1.834490741
Site2,1.850828184
Site2,1.690962099
Site2,1.762184843
Site2,1.727927081
Site2,1.665808609
Site2,1.670878136
Site2,1.687885802
Site2,1.653775697
Site2,1.955804184
Site2,1.599008177
Site2,1.653775697
Site2,1.643790581
Site2,1.621972318
Site2,1.898148148
Site2,1.895043732
Site3,1.433970414
Site3,1.638598088
Site3,1.509301068
Site3,1.25775089
Site3,1.635850858
Site3,1.09375
Site3,1.669588446
Site3,1.854380553
Site3,3.429355281
Site3,1.755829904
Site3,1.5625
Site3,1.83003766
Site3,1.408715252
Site3,1.947853188
Site3,1.5625
Site3,1.408715252
Site3,1.509301068
Site3,1.071673525
Site3,1.512790133
Site3,1.849264404
Site3,1.889644747
Site3,2.360120703
Site3,1.562692219
Site3,1.632653061
Site3,1.646090535
Site3,1.646090535
Site3,1.849264404
Site3,1.875
Site3,1.865889213
Site3,1.71802662
Site3,1.727945515
Site3,2
Site3,1.643790581
Site3,2.857796068
Site3,1.430706617
Site3,2.044999732
Site3,1.530965147
Site3,1.97421673
Site3,1.869969146
Site3,1.991351843
Site3,1.348448802
Site3,1.529974755
Site3,1.760851246
Site3,1.40625
Site3,1.714677641
Site3,1.706873009
Site3,1.45093658
Site3,1.992984694
Site3,1.593081475
Site3,1.886626335
Site3,2.379053753
Site3,1.746527492
Site3,1.40625
Site3,1.442524418
Site3,1.959743084
Site3,1.540740741
Site3,2.260561343
Site3,1.19802985
Site3,1.777992717
Site3,1.602172852
Site3,1.529358216
Site3,1.71142467
Site3,1.582909448
Site3,1.659259259
Site3,1.86920166
Site3,1.77424195
Site3,1.839654145
Site3,1.898148148
Site3,1.781924803
Site3,2.083333333
Site3,1.762277198
Site3,1.863260706
Site3,1.993284166
Site3,2.062971536
Site3,1.795993413
Site3,2.12792132
Site3,1.831054688
Site3,1.959104826
Site4,1.632373114
Site4,1.526562182
Site4,1.807009558
Site4,1.676666393
Site4,1.781924803
Site4,1.743050338
Site4,2.277696793
Site4,2.051913409
Site4,2.159593996
Site4,1.871973759
Site4,2.003612864
Site4,2.028175008
Site4,2.110802029
Site4,1.971809485
Site4,1.619695497
Site4,1.95335277
Site4,1.795433614
Site4,1.619931639
Site4,1.712962963
Site4,1.945495605
Site4,2.037037037
Site4,1.632653061
Site4,1.784251252
Site4,1.679238566
Site4,1.99567994
Site4,1.920232135
Site4,1.643790581
Site4,1.816093945
Site4,1.679238566
Site4,1.777992717
Site4,1.926355432
Site4,1.784970548
Site4,1.806318591
Site4,1.896346714
Site4,1.765215015
Site4,1.972072102
Site4,1.795433614
Site4,1.706873009
Site4,1.583101522
Site4,1.682632106
Site4,1.994926238
Site4,2.028175008
Site4,1.638598088
Site4,1.808449074
Site4,1.759259259
Site4,1.685579076
Site4,1.731301939
Site4,1.666666667
Site4,1.809258882
Site4,1.76226204
Site4,1.929904415
Site4,1.924198251
Site4,1.486325803
Site4,1.675011379
Site4,1.442524418
Site4,1.732274225
Site4,1.778425656
Site4,1.778425656
Site4,1.727945515
Site4,1.727927081
Site4,1.929904415
Site4,1.666666667
Site4,2.159908852
Site4,1.733719889
Site4,2.114714447
Site4,1.704371539
Site4,1.920232135
Site4,1.643501127
Site4,1.638598088
Site4,1.746527492
Site4,1.511936196
Site4,1.884644669
Site4,1.841690799
Site4,1.714677641
Site4,1.643790581
Site4,2.022673203
Site4,1.878287002
Site4,1.727927081
Site4,1.6357533
Site4,2.16
Site4,1.898871528
Site4,1.895043732
Site4,1.704334318
Site4,1.857077833
Site4,1.795433614
Site4,2.037037037
Site4,1.972072102
Site4,1.872592593
Site4,1.924861311
Site4,1.982507289
Site4,1.929904415
Site4,1.861931155
Site4,1.795433614
Site4,1.943917967
Site4,1.989293981
Site4,1.926355432
Site4,1.975308642
Site4,1.68
Site4,1.524157903
Site4,1.768261317
Site4,1.71142467
Site4,1.835922524
Site4,1.835922524
Site4,1.119880806
Site4,1.875
Site4,1.803155522
Site4,2.049927114
Site4,1.859355337
Site4,1.707175926
Site4,1.758943222
Site4,1.850818859
Site4,1.857077833
Site4,1.955804184
Site4,1.98263628
Site4,1.983471074
Site4,1.968703958
Site4,1.857077833
Site4,1.742588872
Site4,1.72238852
Site4,1.704334318
Site4,2.139908026
Site4,1.76226204
Site4,1.765215015
Site4,1.795433614
Site4,1.928428696
Site4,1.655475974
Site4,1.792907715
Site4,1.856874545
Site4,1.599699257
Site4,2.261573603
Site4,1.662438531
Site4,1.714677641
Site4,1.720116618
Site4,1.704371539
Site4,1.805555556
Site4,1.6
Site4,1.784970548
Site4,1.678359236
Site4,1.691336258
Site4,1.86920166
Site4,1.765552846
Site4,1.863260706
Site4,1.889920245
Site4,1.439729331
Site4,1.658487309
Site4,1.754670122
Site4,1.805555556
Site4,1.801472766
Site4,1.801547383
Site4,1.431307129
Site4,1.893491124
Site4,1.687885802
Site4,1.857077833
Site4,1.816093945
Site4,1.759259259
Site4,1.719676701
Site4,1.762184843
Site4,1.938488244
Site4,1.675011379
Site4,1.739154632
Site4,1.674231147
Site4,1.851851852
Site4,1.676394411
Site4,1.781924803
Site4,1.6357533
Site4,1.536351166
Site4,1.755829904
Site4,1.784251252
Site4,1.943917967
Site4,1.7225082
Site4,1.525169046
Site4,1.960030456
Site4,1.720116618
Site4,1.799661664
Site4,1.679238566
Site4,1.619695497
Site4,1.637402117
Site4,1.893491124
Site4,1.855182563
Site4,1.983471074
Site4,1.529443449
Site4,1.807449623
Site4,1.872592593
Site4,2.059936523
Site4,1.796875
Site4,1.77734375
Site4,1.839954614
Site4,1.714677641
Site4,1.691336258
Site4,1.991111111
Site4,1.662961073
Site4,1.828682384
Site4,1.72400155
Site4,2.022673203
Site4,1.791163034
Site4,1.838134431
Site4,1.919639108
Site4,1.889644747
Site4,1.84
Site4,1.722987188
Site4,1.968703958
Site4,1.76226204
Site4,1.879099854
Site4,1.759669182
Site4,1.826433979
Site4,1.856874545
Site4,1.638598088
Site4,1.730433506
Site4,2.149425365
Site4,1.947618793
Site4,1.820664543
Site4,1.747995589
Site5,1.820664543
Site5,2.014031083
Site5,1.812792591
Site5,1.801547383
Site5,1.919639108
Site5,2.638598088
Site5,2.334997202
Site5,1.99168
Site5,2.602172852
Site5,2.59594099
Site5,1.850375142
Site5,2.675011379
Site5,1.752117347
Site5,1.826150475
Site5,1.731301939
Site5,1.718205489
Site5,1.71142467
Site5,2.646090535
Site5,1.669588446
Site5,1.992984694
Site5,1.727945515
Site5,1.864538022
Site5,1.821844993
Site5,1.703719178
Site5,1.795433614
Site5,1.754074074
Site5,2.672885317
Site5,2.500033567
Site5,2.640083644
Site5,1.749271137
Site5,2.5234375
Site5,2.203862397
Site5,2.749959074
Site5,2.762184843
Site5,1.831054688
Site5,1.602172852
Site5,1.929012346
Site5,2.634805354
Site5,1.739154632
Site5,2.602172852
Site5,1.952001315
Site5,1.614166945
Site5,1.952001315
Site5,1.682945154
Site5,1.626479791
Site5,2.582909448
Site5,2.275830678
Site5,1.777992717
Site5,1.880747194
Site5,2.14838416
Site5,1.747837961
Site5,2.12962963
Site5,2.015086279
Site5,2.648723393
Site5,1.840721262
Site5,2.593760684
Site5,2.663154436
Site5,1.938488244
Site5,2.537445335
Site5,1.989293981
Site5,1.788154038
Site5,2.00938786
Site5,1.668577066
Site5,1.77424195
Site5,1.777777778
Site5,1.940006106
Site5,2.107877034
Site5,1.825185185
Site5,1.690962099
Site5,1.886217657
Site5,1.916909621
Site5,2.536
Site5,1.69403699
Site5,1.889436201
Site5,1.674231147
Site5,2.158770998
Site5,1.769547325
Site5,1.895043732
Site5,2.059936523
Site5,1.777777778
Site5,1.899913666
Site5,2.002730997
Site5,1.70852165
Site5,1.759260603
Site5,1.930113121
Site5,1.902230494
Site5,1.927083333
Site5,2.679684219
Site5,1.865569273
Site5,1.875
Site5,1.604370148
Site5,1.799407224
Site5,1.708529285
Site5,1.694771253
Site5,2.77664
Site5,1.788801266
Site5,2.635555556
Site5,2.659259259
Site5,1.778425656
Site5,2.602172852
Site5,2.701684282
Site5,2.661093964
Site5,1.812792591
Site5,1.826150475
Site5,1.975308642
Site5,2.703719178
Site5,1.886626335
Site6,1.966317706
Site6,1.92
Site6,1.820664543
Site6,2.014031083
Site6,1.749018021
Site6,1.795433614
Site6,1.978636811
Site6,1.73828125
Site6,1.896296296
Site6,1.749185834
Site6,1.749271137
Site6,2.244897959
Site6,2.244897959
Site6,2.186588921
Site6,1.875
Site6,2.040816327
Site6,2.161170091
Site6,4.100209111
Site6,2.956562874
Site6,2.133591261
Site6,2.12792132
Site6,1.754074074
Site6,2.130826379
Site6,2.00938786
Site6,2.040816327
Site6,1.777777778
Site6,1.70852165
Site6,1.7578125
Site6,1.92
Site6,1.39710829
Site6,1.893491124
Site6,1.799642805
Site6,1.801481481
Site6,1.848888889
Site6,1.878287002
Site6,1.955804184
Site6,1.959631589
Site6,2.142380672
Site6,1.849112426
Site6,1.752117347
Site6,2.121768651
Site6,2.171638402
Site6,2.069970845
Site6,2.099125364
Site6,2.003612864
Site6,2.391581633
Site6,1.959631589
Site6,1.998851941
Site6,2.12792132
Site6,2.040816327
Site6,2.069970845
Site6,2.072927566
Site6,2.099023
Site6,2.12343292
Site6,2.040816327
Site6,1.92
Site6,1.981885114
Site6,1.982507289
Site6,2.062971536
Site6,1.762184843
Site6,2.049927114
Site6,2.50061951
Site6,1.898957445
Site6,2.111970869
Site6,2.001888097
Site6,2.00938786
Site6,1.982507289
Site6,2.174377441
Site6,1.913070095
Site6,1.928428696
Site6,1.953642129
Site6,1.947853188
Site6,2.133582851
Site6,1.929012346
Site6,2.159288669
Site6,2.199586478
Site6,1.98263628
Site6,1.966317706
Site6,2.011673293
Site6,2.056465399
Site6,1.804236179
Site6,1.896346714
Site6,2.049927114
Site6,2.086985558
Site6,2.06995851
Site6,1.97421673
Site6,1.778425656
Site6,2.162629758
Site6,1.714677641
Site6,1.807901903
Site6,2.040816327
Site6,2.072927566
Site6,2.011661808
Site6,2.052202465
Site6,2.069970845
Site6,1.861858836
Site6,1.929904415
Site6,1.690962099
Site6,2.164127424
Site6,2.00938786
Site6,1.812792591
Site6,1.795053155
Site7,2.5872
Site7,1.602201243
Site7,2.467632218
Site7,1.9968
Site7,1.734805219
Site7,1.949246411
Site7,1.886626335
Site7,1.760894065
Site7,1.669474809
Site7,2.616349327
Site7,2.043845196
Site7,1.729407474
Site7,1.750332563
Site7,2.545082514
Site7,1.782633498
Site7,1.670455564
Site7,2.37037037
Site7,1.791166294
Site7,1.923793301
Site7,1.646090535
Site7,2.173929376
Site7,2.470484135
Site7,2.5872
Site7,2.465499695
Site7,1.825413405
Site7,2.5390625
Site7,1.676394411
Site7,2.508916324
Site7,2.727439638
Site7,1.622589694
Site7,1.875428669
Site7,1.749271137
Site7,2.098683601
Site7,1.693508781
Site7,1.752337728
Site7,1.822423094
Site7,1.886626335
Site7,1.826433979
Site7,1.749271137
Site7,1.752337728
Site7,1.881676423
Site7,1.907348633
Site7,1.684114702
Site7,1.707056851
Site7,1.594620207
Site7,2.67638484
Site7,1.791166294
Site7,1.822423094
Site7,1.822423094
Site7,1.622589694
Site7,1.822423094
Site7,1.574012701
Site7,1.632303652
Site7,2.277696793
Site7,1.748903001
Site7,1.955793479
Site7,1.752337728
Site7,1.676394411
Site7,1.749271137
Site7,2.659259259
Site7,1.822423094
Site7,1.826433979
Site7,1.822423094
Site7,1.896525565
Site7,1.598129732
Site7,1.572703311
Site7,1.868448504
Site7,1.791166294
Site7,1.908202727
Site7,1.896296296
Site7,1.760894065
Site7,1.791166294
Site7,1.628332994
Site7,1.822423094
Site7,1.881676423
Site7,1.825413405
Site7,1.729407474
Site7,2.45093658
Site7,1.748903001
Site7,1.955793479
Site7,2.693508781
Site7,1.994926238
Site7,1.822423094
Site7,2.659845839
Site7,2.57161976
Site7,2.436286829
Site7,1.985902926
Site7,1.7578125
Site7,1.97421673
Site7,1.693508781
Site7,1.739154632
Site7,1.70568699
Site7,2.47507544
Site7,1.748903001
Site7,1.632303652
Site7,1.628332994
Site7,1.7578125
Site7,1.658025228
Site7,2.528604649
Site7,1.617996896
Site7,1.933791993
Site7,2.539034641
Site7,1.276651881
Site7,2.455984838
Site7,1.880466472
Site7,1.695687302
Site7,1.771137026
Site7,2.429697137
Site7,1.805617728
Site7,1.896525565
Site7,1.408963355
Site7,2.583335243
Site7,1.959611457
Site7,1.643303356
Site7,1.638387363
Site7,2.550987177
Site7,1.793459602
Site7,1.785052461
Site7,1.840591431
Site7,1.920801092
Site7,1.953642129
Site7,1.791943241
Site7,1.88660778
Site7,1.732901226
Site7,1.593760684
Site7,1.849652265
Site7,1.657714301
Site7,2.64452354
Site7,1.719250114
Site7,2.250514403
Site7,1.791163034
Site7,1.74592
Site7,2.592144919
Site7,1.741982507
Site7,1.926825261
Site7,1.679314899
Site7,2.059567082
Site7,2.014272968
Site7,1.814744802
Site7,1.665808609
Site7,2.500342936
Site7,2.54465167
Site7,1.668828506
Site7,1.849944139
Site7,2.124709495
Site7,1.744283921
Site7,1.800025044
Site7,1.828542953
Site7,1.948111061
Site7,1.712997746
Site7,2.032210537
Site7,1.777777778
Site7,1.920128995
Site7,1.714677641
Site7,1.788413778
Site7,1.766081971
Site7,1.915616427
Site7,1.835240912
Site7,2.073006269
Site7,1.94078922
Site7,1.812457189
Site7,1.683436807
Site7,2.57789353
Site7,2.389622212
Site7,1.760851246
Site7,1.594359327
Site7,1.593532121
Site7,2.489427195
Site7,2.548663811
Site7,1.942793273
Site7,1.779850381
Site7,1.679684219
Site7,1.91699782
Site7,1.83750112
Site7,1.905569487
Site7,1.731142309
Site7,1.83950831
Site7,1.808016904
Site7,1.658163265
Site7,1.896525565
Site7,1.795433614
Site7,1.886260519
Site7,1.76149453
Site7,1.568054866
Site7,1.533102679
Site7,1.751609332
Site7,2.450598187
Site7,1.729407474
Site7,2.127906977
Site8,2.649526608
Site8,1.69091199
Site8,1.898957445
Site8,1.77244814
Site8,1.789663543
Site8,1.840721262
Site8,2.69997195
Site8,2.186187816
Site8,1.933609953
Site8,2.477050781
Site8,2.704531619
Site8,1.936042274
Site8,1.947916737
Site8,1.886217553
Site8,1.632653061
Site8,2.260212049
Site8,2.024619372
Site8,1.831054688
Site8,1.776795057
Site8,1.716962565
Site8,2.676394411
Site8,1.840277778
Site8,1.685579076
Site8,1.90464
Site8,2.507715735
Site8,2.754670122
Site8,2.099125364
Site8,2.143347051
Site8,1.854380553
Site8,1.809258882
Site8,1.952001315
Site8,1.76
Site8,1.725079654
Site8,1.491680905
Site8,1.767277914
Site8,2.024619372
Site8,1.733873096
Site8,2.159593996
Site8,1.784970548
Site8,2.536351166
Site8,2.68
Site8,2.643790581
Site8,2.759529114
Site8,2.606070629
Site8,1.857907253
Site8,2.031311211
Site8,1.776795057
Site8,1.849264404
Site8,1.851474491
Site8,1.751787453
Site8,1.810674614
Site8,1.863260706
Site8,1.651330175
Site8,2.031311211
Site8,2.440188901
Site8,2.5625
Site8,2.511936196
Site8,2.062917709
Site8,1.99567994
Site8,1.889644747
Site8,1.988840557
Site8,1.724537037
Site8,2.699494391
Site8,2.633677068
Site8,1.985866891
Site8,2.086522983
Site8,1.822423094
Site8,1.755829904
Site8,2.08
Site8,2.875
Site8,1.759259259
Site8,2.095717116
Site8,1.760894065
Site8,2.039966341
Site8,1.746408109
Site8,1.92336589
Site8,2.032210537
Site8,2.34375
Site8,1.808449074
Site8,2
Site8,1.878287002
Site8,1.682945154
Site8,2.099125364
Site8,1.884644669
Site8,2.294568621
Site8,2.311626518
Site8,2.015086279
Site8,2.5
Site8,1.869969146
Site8,1.632653061
Site8,2.024619372
Site8,2.138176513
Site8,1.99567994
Site8,2.039966341
Site8,1.342687389
Site8,2.035416243
Site8,1.743050338
Site8,1.863260706
Site8,1.947916737
Site8,1.77818422
Site8,1.803155522
Site8,1.880747194
Site8,1.865889213
Site8,1.99567994
Site8,2
Site8,1.920232135
Site8,1.743050338
Site8,1.879099854
Site8,1.879099854
Site8,1.863260706
Site8,1.896346714
Site8,1.929012346
Site8,1.780989212
Site8,1.813577651
Site8,1.905197378
Site8,1.835922524
Site8,1.879099854
Site8,1.805555556
Site8,1.803155522
Site8,1.8450941
Site8,1.879099854
Site8,1.743050338
Site8,1.765215015
Site8,2.230465815
Site8,1.989293981
Site8,2.133591261
Site8,1.8450941
Site8,1.822157434
Site8,1.803155522
Site8,1.682945154
Site8,2.429543246
Site8,1.956018519
Site8,1.935446175
Site8,1.69403699
Site8,1.710252752
Site8,1.606785504
Site8,1.984511544
Site8,1.983471074
Site8,2.049927114
Site8,1.822157434
Site8,1.991351843
Site8,1.784970548
Site8,2.035416243
Site8,1.777992717
Site8,1.741123895
Site8,2.606785504
Site8,1.869969146
Site8,2.118990975
Site8,1.780989212
Site8,2.035416243
Site8,1.83003766
Site8,2.043576258
Site8,2.022960603
Site8,1.743050338
Site8,1.880747194
Site8,2.493513883
Site8,1.81066867
Site8,1.819599606
Site8,1.968444778
Site8,1.820948524
Site8,1.849421954
Site8,1.635076157
Site8,1.829656025
Site8,2.1072756
Site8,1.762365729
Site8,1.808449074
Site8,1.742588872
Site8,1.658487309
Site8,2.438931177
Site8,1.94048
Site8,1.748148148
Site8,1.762277198
Site8,1.906797074
Site8,2.562734786
Site8,2.220754373
Site8,1.768261317
Site8,2.035416243
Site8,1.947916737
Site8,2.717382455
Site8,2.054613733
Site8,1.682945154
Site8,1.983471074
Site8,1.765215015
Site8,1.754760742
Site8,1.961331959
Site8,1.672453704
Site8,1.716086926
Site8,1.706873009
Site8,1.742588872
Site8,2.510523312
Site8,2.537317634
Site8,1.626157407
Site8,1.928379597
Site8,1.966317706
Site8,2.759259259
Site8,2.765215015
Site8,1.96096
Site8,2.720510894
Site8,2.277696793
Site8,2.781924803
Site8,1.894431693
Site8,2.630092387
Site8,2.743050338
Site8,1.989293981
